{"sections":{"banner":{"type":"main-collection-banner","settings":{"show_collection_description":true,"show_collection_image":false,"color_scheme":"scheme-4"}},"product-grid":{"type":"main-collection-product-grid","settings":{"products_per_page":16,"columns_desktop":4,"columns_mobile":"2","color_scheme":"scheme-1","image_ratio":"adapt","image_shape":"default","show_secondary_image":false,"show_vendor":false,"show_rating":false,"quick_add":"none","enable_filtering":true,"filter_type":"horizontal","enable_sorting":true,"padding_top":36,"padding_bottom":36}},"collection_list_7MXVB7":{"type":"collection-list","blocks":{"featured_collection_t4PwNk":{"type":"featured_collection","settings":{"collection":""}},"featured_collection_3DDC3g":{"type":"featured_collection","settings":{"collection":""}},"featured_collection_Ji3bp6":{"type":"featured_collection","settings":{"collection":""}}},"block_order":["featured_collection_t4PwNk","featured_collection_3DDC3g","featured_collection_Ji3bp6"],"name":"t:sections.collection-list.presets.name","settings":{"title":"Collections","heading_size":"h1","image_ratio":"square","columns_desktop":3,"color_scheme":"","show_view_all":false,"columns_mobile":"1","swipe_on_mobile":false,"padding_top":36,"padding_bottom":36}},"rich_text_xMzygq":{"type":"rich-text","blocks":{"heading_by8Trp":{"type":"heading","settings":{"heading":"Talk about your brand","heading_size":"h1"}},"text_Gt9ybY":{"type":"text","settings":{"text":"<p>Share information about your brand with your customers. Describe a product, make announcements, or welcome customers to your store.<\/p>"}},"button_FDnFax":{"type":"button","settings":{"button_label":"Button label","button_link":"","button_style_secondary":false,"button_label_2":"","button_link_2":"","button_style_secondary_2":false}}},"block_order":["heading_by8Trp","text_Gt9ybY","button_FDnFax"],"name":"t:sections.rich-text.presets.name","settings":{"desktop_content_position":"center","content_alignment":"center","color_scheme":"","full_width":true,"padding_top":40,"padding_bottom":52}},"video_hNHbwR":{"type":"video","name":"t:sections.video.presets.name","settings":{"heading":"Video","heading_size":"h1","enable_video_looping":false,"video_url":"https:\/\/www.youtube.com\/watch?v=_9VUPq3SxOc","description":"","full_width":false,"color_scheme":"","padding_top":36,"padding_bottom":36}}},"order":["banner","product-grid","collection_list_7MXVB7","rich_text_xMzygq","video_hNHbwR"]}