{"name":"t:sections.footer.name","type":"footer","sections":{"newsletter_cxJXKH":{"type":"newsletter","blocks":{"heading_KpaHcc":{"type":"heading","settings":{"heading":"Subscribe to our emails","heading_size":"h1"}},"paragraph_P6xE46":{"type":"paragraph","settings":{"text":"<p>Be the first to know about new collections and exclusive offers.<\/p>"}},"email_form_prjXL6":{"type":"email_form","settings":{}}},"block_order":["heading_KpaHcc","paragraph_P6xE46","email_form_prjXL6"],"name":"t:sections.newsletter.presets.name","settings":{"color_scheme":"scheme-3","full_width":true,"padding_top":40,"padding_bottom":52}},"footer":{"type":"footer","blocks":{"text_NjEfa7":{"type":"text","settings":{"heading":"","subtext":"<p>Share contact information, store details, and brand content with your customers.<\/p>"}}},"block_order":["text_NjEfa7"],"disabled":true,"settings":{"color_scheme":"scheme-1","newsletter_enable":true,"newsletter_heading":"Subscribe to our emails","enable_follow_on_shop":true,"show_social":true,"enable_country_selector":true,"enable_language_selector":true,"payment_enable":true,"show_policy":true,"margin_top":0,"padding_top":36,"padding_bottom":36}}},"order":["newsletter_cxJXKH","footer"]}